OrderID,Region,ProductID,Revenue
ORD-00001,UK,P009,2506.62
ORD-00002,IT,P007,2069.75
ORD-00003,ES,P011,820.81
ORD-00004,DE,P002,307.25
ORD-00005,IT,P007,1419.28
ORD-00006,IT,P005,776.81
ORD-00007,DE,P003,1328.74
ORD-00008,FR,P012,2625.69
ORD-00009,IT,P002,172.27
ORD-00010,FR,P011,2682.93
ORD-00011,DE,P005,1358.58
ORD-00012,DE,P011,2827.14
ORD-00013,FR,P010,1437.18
ORD-00014,IT,P011,647.19
ORD-00015,UK,P003,2367.23
ORD-00016,UK,P011,583.99
ORD-00017,DE,P001,1165.53
ORD-00018,FR,P010,764.27
ORD-00019,FR,P011,1763.53
ORD-00020,DE,P009,557.85
ORD-00021,UK,P002,2542.41
ORD-00022,FR,P007,381.75
ORD-00023,FR,P001,2217.76
ORD-00024,UK,P003,2945.99
ORD-00025,IT,P012,337.03
ORD-00026,IT,P004,1715.34
ORD-00027,FR,P003,1649.01
ORD-00028,IT,P001,2088.02
ORD-00029,DE,P009,689.6
ORD-00030,DE,P004,711.23
ORD-00031,IT,P001,2975.0
ORD-00032,UK,P002,1699.68
ORD-00033,IT,P012,2963.11
ORD-00034,DE,P001,1123.39
ORD-00035,ES,P004,356.59
ORD-00036,FR,P011,2697.44
ORD-00037,FR,P012,2477.41
ORD-00038,FR,P002,639.51
ORD-00039,ES,P008,2413.81
ORD-00040,DE,P007,210.05
ORD-00041,FR,P008,2982.49
ORD-00042,ES,P012,2988.53
ORD-00043,ES,P010,2080.07
ORD-00044,UK,P004,2182.87
ORD-00045,UK,P012,1898.12
ORD-00046,UK,P006,1319.43
ORD-00047,FR,P009,1982.11
ORD-00048,UK,P002,334.91
ORD-00049,FR,P002,313.63
ORD-00050,DE,P008,2892.19
ORD-00051,UK,P006,809.82
ORD-00052,DE,P008,817.25
ORD-00053,UK,P004,911.76
ORD-00054,DE,P010,2799.62
ORD-00055,IT,P004,2224.25
ORD-00056,DE,P004,2927.39
ORD-00057,ES,P007,2292.03
ORD-00058,DE,P007,2039.26
ORD-00059,ES,P006,2047.83
ORD-00060,FR,P002,192.84
ORD-00061,FR,P004,576.25
ORD-00062,DE,P010,243.71
ORD-00063,ES,P008,462.14
ORD-00064,FR,P011,568.31
ORD-00065,UK,P009,2017.69
ORD-00066,IT,P004,373.86
ORD-00067,UK,P009,2637.6
ORD-00068,ES,P003,2196.24
ORD-00069,DE,P006,2325.25
ORD-00070,DE,P006,1656.98
ORD-00071,ES,P011,383.81
ORD-00072,ES,P004,571.1
ORD-00073,IT,P005,523.74
ORD-00074,DE,P006,1567.97
ORD-00075,UK,P005,2885.6
ORD-00076,IT,P007,2608.8
ORD-00077,FR,P004,1305.88
ORD-00078,DE,P004,2660.75
ORD-00079,FR,P002,1448.95
ORD-00080,FR,P006,1535.04
ORD-00081,IT,P002,2574.01
ORD-00082,IT,P006,605.62
ORD-00083,DE,P008,217.04
ORD-00084,FR,P003,106.2
ORD-00085,FR,P010,2690.77
ORD-00086,IT,P010,1477.13
ORD-00087,IT,P010,1322.87
ORD-00088,FR,P012,712.46
ORD-00089,DE,P005,468.38
ORD-00090,IT,P005,2312.11
ORD-00091,UK,P009,2882.2
ORD-00092,IT,P012,1319.85
ORD-00093,UK,P006,2726.89
ORD-00094,DE,P001,2245.22
ORD-00095,UK,P008,1907.63
ORD-00096,UK,P002,2109.38
ORD-00097,ES,P001,184.4
ORD-00098,FR,P006,1280.58
ORD-00099,UK,P004,269.34
ORD-00100,UK,P008,507.2
ORD-00101,UK,P012,1335.92
ORD-00102,FR,P001,2264.2
ORD-00103,UK,P009,1184.67
ORD-00104,IT,P005,2626.35
ORD-00105,IT,P003,562.29
ORD-00106,FR,P006,1535.26
ORD-00107,DE,P003,337.82
ORD-00108,ES,P011,722.35
ORD-00109,IT,P012,2233.86
ORD-00110,ES,P008,2906.49
ORD-00111,FR,P007,1094.06
ORD-00112,FR,P010,1558.53
ORD-00113,UK,P010,1684.54
ORD-00114,UK,P008,1817.01
ORD-00115,IT,P006,990.18
ORD-00116,ES,P010,186.7
ORD-00117,FR,P005,2193.08
ORD-00118,IT,P003,1341.13
ORD-00119,UK,P002,1746.57
ORD-00120,FR,P007,2875.3
ORD-00121,FR,P004,1544.54
ORD-00122,ES,P005,249.97
ORD-00123,DE,P009,2702.31
ORD-00124,IT,P003,268.56
ORD-00125,UK,P006,1423.84
ORD-00126,ES,P004,50.35
ORD-00127,UK,P006,509.82
ORD-00128,FR,P007,2453.52
ORD-00129,DE,P008,2765.44
ORD-00130,IT,P011,141.95
ORD-00131,IT,P011,891.24
ORD-00132,UK,P003,2902.73
ORD-00133,UK,P010,1860.22
ORD-00134,FR,P003,975.64
ORD-00135,IT,P006,2862.27
ORD-00136,UK,P005,661.59
ORD-00137,DE,P006,2042.08
ORD-00138,ES,P005,88.23
ORD-00139,IT,P004,2171.66
ORD-00140,UK,P006,2417.38
ORD-00141,DE,P008,2180.82
ORD-00142,DE,P001,850.67
ORD-00143,IT,P001,1827.42
ORD-00144,DE,P001,1499.27
ORD-00145,ES,P005,115.08
ORD-00146,FR,P009,538.01
ORD-00147,DE,P006,317.84
ORD-00148,UK,P003,876.06
ORD-00149,UK,P007,2158.29
ORD-00150,ES,P003,1708.29
ORD-00151,FR,P005,1034.79
ORD-00152,FR,P004,2576.78
ORD-00153,UK,P012,2219.85
ORD-00154,FR,P004,2591.77
ORD-00155,IT,P002,2751.48
ORD-00156,ES,P010,137.21
ORD-00157,FR,P003,2091.38
ORD-00158,UK,P007,2237.88
ORD-00159,ES,P011,237.55
ORD-00160,DE,P004,185.28
ORD-00161,IT,P012,2919.09
ORD-00162,DE,P001,2481.17
ORD-00163,ES,P012,441.5
ORD-00164,DE,P012,317.69
ORD-00165,DE,P008,1747.89
ORD-00166,ES,P011,1794.14
ORD-00167,IT,P007,671.4
ORD-00168,DE,P003,1796.43
ORD-00169,IT,P010,1357.77
ORD-00170,FR,P011,2270.31
ORD-00171,IT,P010,1558.72
ORD-00172,FR,P011,1282.32
ORD-00173,UK,P010,2749.15
ORD-00174,FR,P012,841.07
ORD-00175,FR,P010,809.23
ORD-00176,FR,P003,2108.58
ORD-00177,FR,P008,996.17
ORD-00178,ES,P012,2522.25
ORD-00179,ES,P011,987.52
ORD-00180,UK,P003,2898.61
ORD-00181,FR,P008,1539.84
ORD-00182,FR,P009,2534.37
ORD-00183,ES,P008,800.98
ORD-00184,UK,P002,1075.24
ORD-00185,DE,P001,2930.88
ORD-00186,DE,P001,2555.83
ORD-00187,ES,P003,1544.5
ORD-00188,UK,P003,604.16
ORD-00189,IT,P005,998.04
ORD-00190,DE,P004,1907.84
ORD-00191,IT,P007,1604.4
ORD-00192,DE,P008,739.93
ORD-00193,ES,P001,557.8
ORD-00194,FR,P008,1089.9
ORD-00195,DE,P009,2751.08
ORD-00196,IT,P010,2300.19
ORD-00197,UK,P009,2027.29
ORD-00198,UK,P008,553.13
ORD-00199,ES,P009,2179.88
ORD-00200,UK,P004,1374.62
ORD-00201,FR,P006,2365.74
ORD-00202,ES,P004,1551.51
ORD-00203,DE,P006,2909.22
ORD-00204,FR,P005,2090.41
ORD-00205,DE,P009,1373.34
ORD-00206,UK,P011,1632.58
ORD-00207,DE,P011,1558.0
ORD-00208,UK,P004,1536.96
ORD-00209,UK,P005,1784.02
ORD-00210,UK,P012,2697.08
ORD-00211,UK,P008,2394.65
ORD-00212,FR,P009,2221.74
ORD-00213,FR,P002,2295.1
ORD-00214,IT,P005,2753.92
ORD-00215,IT,P005,2640.14
ORD-00216,DE,P011,2172.67
ORD-00217,UK,P009,1160.13
ORD-00218,DE,P005,1174.13
ORD-00219,IT,P005,1446.95
ORD-00220,DE,P012,2489.91
ORD-00221,DE,P007,1981.33
ORD-00222,UK,P008,925.03
ORD-00223,DE,P006,1350.91
ORD-00224,DE,P009,1679.06
ORD-00225,FR,P004,2306.6
ORD-00226,IT,P012,1002.06
ORD-00227,UK,P008,853.46
ORD-00228,ES,P010,773.94
ORD-00229,UK,P008,507.66
ORD-00230,DE,P012,935.97
ORD-00231,FR,P001,158.43
ORD-00232,UK,P012,2939.41
ORD-00233,IT,P010,438.83
ORD-00234,FR,P001,2815.34
ORD-00235,FR,P011,290.19
ORD-00236,DE,P010,2958.86
ORD-00237,ES,P002,2412.58
ORD-00238,UK,P007,2489.31
ORD-00239,ES,P007,1684.38
ORD-00240,IT,P012,850.32
ORD-00241,UK,P009,1109.11
ORD-00242,FR,P006,2048.0
ORD-00243,FR,P003,761.5
ORD-00244,ES,P009,2061.2
ORD-00245,IT,P004,2596.39
ORD-00246,IT,P011,679.43
ORD-00247,ES,P011,1366.24
ORD-00248,FR,P008,1831.86
ORD-00249,ES,P007,422.87
ORD-00250,IT,P002,636.58
ORD-00251,DE,P009,1713.34
ORD-00252,FR,P009,1451.58
ORD-00253,DE,P011,879.08
ORD-00254,IT,P001,2417.3
ORD-00255,ES,P005,492.77
ORD-00256,UK,P009,865.1
ORD-00257,DE,P009,138.42
ORD-00258,DE,P005,1412.9
ORD-00259,DE,P006,1659.62
ORD-00260,DE,P008,2764.16
ORD-00261,UK,P006,2659.63
ORD-00262,DE,P010,377.67
ORD-00263,DE,P009,115.3
ORD-00264,ES,P001,2990.77
ORD-00265,FR,P002,287.84
ORD-00266,DE,P001,2680.31
ORD-00267,DE,P009,916.29
ORD-00268,DE,P005,2493.43
ORD-00269,ES,P002,455.14
ORD-00270,IT,P005,2463.82
ORD-00271,IT,P007,1380.17
ORD-00272,DE,P006,2241.46
ORD-00273,IT,P001,1655.88
ORD-00274,IT,P004,2256.4
ORD-00275,IT,P003,1550.52
ORD-00276,ES,P010,1376.8
ORD-00277,UK,P004,1337.22
ORD-00278,FR,P012,521.49
ORD-00279,UK,P009,1359.33
ORD-00280,DE,P003,2567.75
ORD-00281,UK,P011,1002.01
ORD-00282,ES,P008,1507.84
ORD-00283,IT,P003,2305.5
ORD-00284,DE,P003,1792.69
ORD-00285,ES,P004,289.09
ORD-00286,ES,P011,2646.69
ORD-00287,FR,P007,2731.48
ORD-00288,UK,P011,2497.0
ORD-00289,FR,P004,2760.19
ORD-00290,UK,P007,1990.88
ORD-00291,ES,P010,2304.84
ORD-00292,FR,P003,800.49
ORD-00293,UK,P009,1849.89
ORD-00294,FR,P005,592.68
ORD-00295,FR,P003,748.86
ORD-00296,UK,P006,2395.86
ORD-00297,IT,P007,2029.13
ORD-00298,IT,P012,1005.22
ORD-00299,UK,P002,2298.03
ORD-00300,DE,P008,2211.13
