OrderID,OrderDate,ProductID,CustomerID,Quantity,Revenue,Cost,Channel
2025-00001,2025-12-05,P002,C170,5,4863.6,2861.55,Store
2025-00002,2025-11-15,P010,C180,2,460.96,218.6,Store
2025-00003,2025-02-23,P009,C185,5,245.05,171.0,Online
2025-00004,2025-05-25,P002,C028,4,3890.88,2289.24,Online
2025-00005,2025-11-08,P004,C200,3,2643.81,1305.87,Phone
2025-00006,2025-04-14,P006,C181,4,470.8,333.6,Store
2025-00007,2025-03-24,P001,C141,4,4636.36,2292.8,Online
2025-00008,2025-12-19,P008,C085,2,1476.48,786.44,Online
2025-00009,2025-01-07,P011,C023,1,960.43,498.58,Phone
2025-00010,2025-12-09,P008,C039,1,738.24,393.22,Phone
2025-00011,2025-02-08,P012,C186,1,1058.18,682.96,Store
2025-00012,2025-11-26,P004,C117,3,2643.81,1305.87,Store
2025-00013,2025-08-26,P001,C026,2,2318.18,1146.4,Online
2025-00014,2025-05-29,P006,C174,3,353.1,250.2,Store
2025-00015,2025-03-01,P002,C195,1,972.72,572.31,Online
2025-00016,2025-03-12,P011,C166,2,1920.86,997.16,Store
2025-00017,2025-07-03,P008,C160,3,2214.72,1179.66,Phone
2025-00018,2025-02-17,P006,C088,2,235.4,166.8,Online
2025-00019,2025-07-25,P007,C117,3,911.94,513.09,Store
2025-00020,2025-12-20,P008,C108,2,1476.48,786.44,Online
2025-00021,2025-03-09,P012,C186,1,1058.18,682.96,Online
2025-00022,2025-02-23,P007,C152,4,1215.92,684.12,Phone
2025-00023,2025-12-14,P008,C047,5,3691.2,1966.1,Store
2025-00024,2025-07-03,P010,C008,2,460.96,218.6,Store
2025-00025,2025-09-07,P002,C106,4,3890.88,2289.24,Online
2025-00026,2025-02-02,P005,C168,3,3072.84,2122.59,Online
2025-00027,2025-12-27,P011,C135,5,4802.15,2492.9,Phone
2025-00028,2025-10-17,P004,C172,3,2643.81,1305.87,Phone
2025-00029,2025-09-25,P012,C180,5,5290.9,3414.8,Online
2025-00030,2025-08-10,P011,C187,2,1920.86,997.16,Store
2025-00031,2025-06-27,P011,C174,4,3841.72,1994.32,Online
2025-00032,2025-10-13,P010,C014,1,230.48,109.3,Phone
2025-00033,2025-03-22,P009,C121,4,196.04,136.8,Online
2025-00034,2025-02-08,P008,C083,2,1476.48,786.44,Store
2025-00035,2025-05-23,P001,C130,2,2318.18,1146.4,Phone
2025-00036,2025-11-26,P007,C104,2,607.96,342.06,Online
2025-00037,2025-08-24,P008,C147,4,2952.96,1572.88,Online
2025-00038,2025-09-13,P008,C081,1,738.24,393.22,Store
2025-00039,2025-12-01,P001,C027,4,4636.36,2292.8,Store
2025-00040,2025-01-19,P009,C141,1,49.01,34.2,Online
2025-00041,2025-11-06,P010,C164,3,691.44,327.9,Phone
2025-00042,2025-10-15,P004,C168,4,3525.08,1741.16,Store
2025-00043,2025-07-06,P001,C058,4,4636.36,2292.8,Store
2025-00044,2025-10-14,P010,C154,4,921.92,437.2,Phone
2025-00045,2025-12-03,P006,C184,4,470.8,333.6,Online
2025-00046,2025-02-19,P011,C057,1,960.43,498.58,Store
2025-00047,2025-07-01,P011,C075,5,4802.15,2492.9,Phone
2025-00048,2025-07-11,P012,C028,1,1058.18,682.96,Online
2025-00049,2025-09-10,P003,C184,4,2351.76,1299.24,Online
2025-00050,2025-05-11,P010,C051,2,460.96,218.6,Online
2025-00051,2025-07-21,P004,C118,2,1762.54,870.58,Phone
2025-00052,2025-06-23,P002,C194,4,3890.88,2289.24,Online
2025-00053,2025-11-21,P011,C151,1,960.43,498.58,Store
2025-00054,2025-08-23,P011,C151,5,4802.15,2492.9,Online
2025-00055,2025-09-13,P001,C136,1,1159.09,573.2,Phone
2025-00056,2025-08-10,P010,C124,5,1152.4,546.5,Online
2025-00057,2025-12-21,P010,C045,2,460.96,218.6,Online
2025-00058,2025-07-18,P011,C154,5,4802.15,2492.9,Store
2025-00059,2025-09-16,P007,C108,5,1519.9,855.15,Phone
2025-00060,2025-05-08,P005,C102,3,3072.84,2122.59,Store
2025-00061,2025-08-20,P003,C036,4,2351.76,1299.24,Phone
2025-00062,2025-12-25,P012,C132,3,3174.54,2048.88,Phone
2025-00063,2025-10-08,P006,C183,5,588.5,417.0,Phone
2025-00064,2025-04-22,P004,C054,5,4406.35,2176.45,Phone
2025-00065,2025-05-29,P011,C089,2,1920.86,997.16,Phone
2025-00066,2025-11-29,P003,C129,5,2939.7,1624.05,Phone
2025-00067,2025-11-23,P006,C182,1,117.7,83.4,Store
2025-00068,2025-10-15,P008,C150,5,3691.2,1966.1,Phone
2025-00069,2025-12-30,P007,C173,5,1519.9,855.15,Store
2025-00070,2025-08-05,P001,C134,1,1159.09,573.2,Online
2025-00071,2025-07-15,P003,C014,1,587.94,324.81,Online
2025-00072,2025-05-17,P003,C074,3,1763.82,974.43,Online
2025-00073,2025-02-01,P012,C076,2,2116.36,1365.92,Phone
2025-00074,2025-01-17,P006,C116,1,117.7,83.4,Phone
2025-00075,2025-12-12,P012,C144,2,2116.36,1365.92,Phone
2025-00076,2025-11-28,P009,C100,2,98.02,68.4,Phone
2025-00077,2025-12-23,P005,C178,1,1024.28,707.53,Store
2025-00078,2025-07-18,P007,C176,3,911.94,513.09,Phone
2025-00079,2025-01-28,P001,C191,3,3477.27,1719.6,Online
2025-00080,2025-11-14,P008,C058,3,2214.72,1179.66,Phone
2025-00081,2025-10-07,P012,C155,2,2116.36,1365.92,Phone
2025-00082,2025-04-10,P005,C115,2,2048.56,1415.06,Phone
2025-00083,2025-02-08,P003,C045,5,2939.7,1624.05,Online
2025-00084,2025-07-13,P001,C110,3,3477.27,1719.6,Phone
2025-00085,2025-05-16,P003,C042,5,2939.7,1624.05,Store
2025-00086,2025-01-03,P006,C120,2,235.4,166.8,Online
2025-00087,2025-03-20,P006,C153,1,117.7,83.4,Phone
2025-00088,2025-11-12,P011,C078,4,3841.72,1994.32,Phone
2025-00089,2025-10-09,P006,C019,3,353.1,250.2,Phone
2025-00090,2025-04-23,P003,C134,1,587.94,324.81,Phone
2025-00091,2025-03-23,P007,C140,5,1519.9,855.15,Store
2025-00092,2025-02-17,P006,C057,2,235.4,166.8,Phone
2025-00093,2025-06-19,P006,C093,3,353.1,250.2,Online
2025-00094,2025-11-13,P009,C122,5,245.05,171.0,Phone
2025-00095,2025-01-05,P002,C172,3,2918.16,1716.93,Store
2025-00096,2025-05-04,P011,C158,5,4802.15,2492.9,Online
2025-00097,2025-01-21,P011,C083,4,3841.72,1994.32,Online
2025-00098,2025-07-17,P005,C139,3,3072.84,2122.59,Online
2025-00099,2025-09-22,P006,C132,5,588.5,417.0,Store
2025-00100,2025-09-07,P001,C076,2,2318.18,1146.4,Store
2025-00101,2025-09-21,P002,C025,2,1945.44,1144.62,Phone
2025-00102,2025-10-01,P001,C161,1,1159.09,573.2,Online
2025-00103,2025-12-10,P011,C199,2,1920.86,997.16,Phone
2025-00104,2025-08-06,P002,C053,5,4863.6,2861.55,Phone
2025-00105,2025-08-11,P011,C019,2,1920.86,997.16,Online
2025-00106,2025-08-24,P012,C085,1,1058.18,682.96,Online
2025-00107,2025-02-07,P001,C046,3,3477.27,1719.6,Phone
2025-00108,2025-02-06,P010,C059,3,691.44,327.9,Store
2025-00109,2025-07-18,P008,C162,4,2952.96,1572.88,Store
2025-00110,2025-06-11,P001,C100,1,1159.09,573.2,Phone
2025-00111,2025-01-04,P011,C185,5,4802.15,2492.9,Online
2025-00112,2025-10-27,P001,C180,1,1159.09,573.2,Store
2025-00113,2025-09-15,P002,C075,3,2918.16,1716.93,Phone
2025-00114,2025-02-14,P005,C196,4,4097.12,2830.12,Store
2025-00115,2025-07-22,P011,C008,4,3841.72,1994.32,Online
2025-00116,2025-10-01,P004,C035,4,3525.08,1741.16,Phone
2025-00117,2025-06-01,P011,C037,3,2881.29,1495.74,Phone
2025-00118,2025-11-28,P006,C003,5,588.5,417.0,Phone
2025-00119,2025-03-14,P002,C011,1,972.72,572.31,Phone
2025-00120,2025-11-02,P007,C138,5,1519.9,855.15,Online
2025-00121,2025-06-06,P004,C192,3,2643.81,1305.87,Online
2025-00122,2025-07-31,P011,C132,2,1920.86,997.16,Online
2025-00123,2025-04-05,P004,C158,3,2643.81,1305.87,Online
2025-00124,2025-02-28,P003,C172,5,2939.7,1624.05,Online
2025-00125,2025-10-09,P008,C166,5,3691.2,1966.1,Online
2025-00126,2025-05-29,P011,C018,3,2881.29,1495.74,Online
2025-00127,2025-04-12,P012,C149,4,4232.72,2731.84,Store
2025-00128,2025-07-02,P003,C172,2,1175.88,649.62,Online
2025-00129,2025-05-26,P010,C018,2,460.96,218.6,Store
2025-00130,2025-09-06,P008,C085,5,3691.2,1966.1,Phone
2025-00131,2025-06-06,P012,C150,2,2116.36,1365.92,Phone
2025-00132,2025-10-18,P006,C081,4,470.8,333.6,Online
2025-00133,2025-01-03,P006,C064,2,235.4,166.8,Phone
2025-00134,2025-11-25,P007,C071,3,911.94,513.09,Online
2025-00135,2025-12-14,P012,C085,4,4232.72,2731.84,Store
2025-00136,2025-08-17,P006,C199,3,353.1,250.2,Store
2025-00137,2025-10-10,P002,C045,5,4863.6,2861.55,Online
2025-00138,2025-05-24,P003,C138,2,1175.88,649.62,Store
2025-00139,2025-11-17,P002,C187,1,972.72,572.31,Online
2025-00140,2025-09-17,P011,C008,5,4802.15,2492.9,Phone
2025-00141,2025-07-27,P010,C055,1,230.48,109.3,Phone
2025-00142,2025-05-14,P009,C139,4,196.04,136.8,Phone
2025-00143,2025-03-18,P006,C101,2,235.4,166.8,Phone
2025-00144,2025-05-29,P003,C119,5,2939.7,1624.05,Phone
2025-00145,2025-02-16,P007,C094,5,1519.9,855.15,Online
2025-00146,2025-12-06,P004,C158,2,1762.54,870.58,Phone
2025-00147,2025-03-13,P008,C041,2,1476.48,786.44,Phone
2025-00148,2025-10-17,P011,C038,4,3841.72,1994.32,Store
2025-00149,2025-01-21,P004,C195,4,3525.08,1741.16,Online
2025-00150,2025-02-02,P005,C095,2,2048.56,1415.06,Online
2025-00151,2025-12-09,P004,C133,3,2643.81,1305.87,Store
2025-00152,2025-08-29,P008,C012,1,738.24,393.22,Phone
2025-00153,2025-06-15,P002,C181,5,4863.6,2861.55,Phone
2025-00154,2025-05-21,P012,C068,5,5290.9,3414.8,Phone
2025-00155,2025-10-19,P003,C097,4,2351.76,1299.24,Store
2025-00156,2025-10-28,P011,C020,5,4802.15,2492.9,Store
2025-00157,2025-07-12,P004,C133,4,3525.08,1741.16,Store
2025-00158,2025-06-26,P008,C124,5,3691.2,1966.1,Online
2025-00159,2025-09-14,P003,C113,2,1175.88,649.62,Online
2025-00160,2025-02-09,P009,C165,3,147.03,102.6,Online
2025-00161,2025-03-18,P003,C041,3,1763.82,974.43,Phone
2025-00162,2025-03-02,P011,C059,4,3841.72,1994.32,Store
2025-00163,2025-02-28,P008,C173,4,2952.96,1572.88,Store
2025-00164,2025-04-18,P010,C042,4,921.92,437.2,Online
2025-00165,2025-05-05,P001,C033,5,5795.45,2866.0,Phone
2025-00166,2025-03-24,P003,C162,5,2939.7,1624.05,Online
2025-00167,2025-10-21,P003,C015,2,1175.88,649.62,Store
2025-00168,2025-04-03,P009,C104,5,245.05,171.0,Phone
2025-00169,2025-11-23,P001,C185,3,3477.27,1719.6,Online
2025-00170,2025-04-21,P008,C156,4,2952.96,1572.88,Store
2025-00171,2025-03-29,P004,C106,5,4406.35,2176.45,Online
2025-00172,2025-10-26,P003,C160,5,2939.7,1624.05,Store
2025-00173,2025-03-27,P012,C176,3,3174.54,2048.88,Store
2025-00174,2025-11-02,P010,C018,2,460.96,218.6,Store
2025-00175,2025-07-17,P003,C028,1,587.94,324.81,Online
2025-00176,2025-09-25,P009,C176,4,196.04,136.8,Online
2025-00177,2025-11-07,P002,C046,4,3890.88,2289.24,Phone
2025-00178,2025-11-04,P001,C137,5,5795.45,2866.0,Online
2025-00179,2025-02-17,P008,C169,2,1476.48,786.44,Phone
2025-00180,2025-10-04,P001,C199,4,4636.36,2292.8,Phone
2025-00181,2025-08-04,P006,C012,5,588.5,417.0,Store
2025-00182,2025-04-28,P008,C197,4,2952.96,1572.88,Store
2025-00183,2025-10-29,P012,C195,5,5290.9,3414.8,Online
2025-00184,2025-08-06,P003,C066,4,2351.76,1299.24,Online
2025-00185,2025-02-12,P005,C154,5,5121.4,3537.65,Store
2025-00186,2025-05-12,P004,C002,1,881.27,435.29,Phone
2025-00187,2025-09-25,P002,C134,1,972.72,572.31,Store
2025-00188,2025-12-02,P004,C177,3,2643.81,1305.87,Store
2025-00189,2025-07-05,P002,C040,4,3890.88,2289.24,Phone
2025-00190,2025-10-27,P005,C067,5,5121.4,3537.65,Store
2025-00191,2025-10-17,P006,C157,3,353.1,250.2,Phone
2025-00192,2025-07-23,P004,C106,5,4406.35,2176.45,Phone
2025-00193,2025-09-05,P003,C095,5,2939.7,1624.05,Phone
2025-00194,2025-09-05,P005,C079,5,5121.4,3537.65,Store
2025-00195,2025-12-28,P007,C189,2,607.96,342.06,Phone
2025-00196,2025-03-02,P012,C059,4,4232.72,2731.84,Phone
2025-00197,2025-03-24,P002,C055,5,4863.6,2861.55,Store
2025-00198,2025-06-23,P009,C158,1,49.01,34.2,Online
2025-00199,2025-07-19,P011,C002,1,960.43,498.58,Online
2025-00200,2025-08-30,P010,C112,1,230.48,109.3,Online
2025-00201,2025-05-15,P004,C095,1,881.27,435.29,Phone
2025-00202,2025-01-20,P012,C099,4,4232.72,2731.84,Phone
2025-00203,2025-12-02,P009,C074,5,245.05,171.0,Online
2025-00204,2025-03-31,P011,C127,4,3841.72,1994.32,Online
2025-00205,2025-04-14,P011,C133,3,2881.29,1495.74,Online
2025-00206,2025-01-18,P010,C131,5,1152.4,546.5,Phone
2025-00207,2025-04-29,P010,C044,1,230.48,109.3,Store
2025-00208,2025-05-03,P011,C001,2,1920.86,997.16,Online
2025-00209,2025-05-22,P007,C091,4,1215.92,684.12,Store
2025-00210,2025-10-28,P004,C133,1,881.27,435.29,Phone
2025-00211,2025-12-27,P002,C024,5,4863.6,2861.55,Store
2025-00212,2025-10-14,P010,C090,3,691.44,327.9,Store
2025-00213,2025-04-26,P010,C050,4,921.92,437.2,Store
2025-00214,2025-10-22,P001,C067,2,2318.18,1146.4,Store
2025-00215,2025-09-17,P002,C144,1,972.72,572.31,Phone
2025-00216,2025-05-31,P006,C030,5,588.5,417.0,Store
2025-00217,2025-10-03,P010,C065,4,921.92,437.2,Store
2025-00218,2025-10-16,P008,C198,2,1476.48,786.44,Store
2025-00219,2025-08-23,P011,C118,5,4802.15,2492.9,Online
2025-00220,2025-09-04,P002,C067,1,972.72,572.31,Store
2025-00221,2025-11-21,P004,C174,2,1762.54,870.58,Store
2025-00222,2025-07-31,P006,C133,5,588.5,417.0,Online
2025-00223,2025-12-25,P005,C064,3,3072.84,2122.59,Online
2025-00224,2025-07-24,P011,C192,3,2881.29,1495.74,Online
2025-00225,2025-10-11,P003,C122,3,1763.82,974.43,Store
2025-00226,2025-04-22,P010,C069,2,460.96,218.6,Phone
2025-00227,2025-12-16,P004,C128,2,1762.54,870.58,Online
2025-00228,2025-05-04,P005,C053,2,2048.56,1415.06,Online
2025-00229,2025-05-08,P010,C092,2,460.96,218.6,Online
2025-00230,2025-03-03,P002,C174,4,3890.88,2289.24,Phone
2025-00231,2025-01-04,P009,C011,4,196.04,136.8,Store
2025-00232,2025-11-14,P006,C127,5,588.5,417.0,Store
2025-00233,2025-09-09,P003,C196,5,2939.7,1624.05,Store
2025-00234,2025-07-23,P004,C193,5,4406.35,2176.45,Online
2025-00235,2025-01-28,P009,C109,4,196.04,136.8,Phone
2025-00236,2025-01-17,P009,C089,4,196.04,136.8,Phone
2025-00237,2025-03-31,P008,C031,5,3691.2,1966.1,Store
2025-00238,2025-06-11,P012,C003,1,1058.18,682.96,Phone
2025-00239,2025-04-18,P007,C149,1,303.98,171.03,Store
2025-00240,2025-07-05,P010,C067,2,460.96,218.6,Phone
2025-00241,2025-05-15,P004,C069,4,3525.08,1741.16,Phone
2025-00242,2025-06-25,P006,C048,4,470.8,333.6,Store
2025-00243,2025-04-18,P007,C180,3,911.94,513.09,Store
2025-00244,2025-07-25,P005,C116,2,2048.56,1415.06,Phone
2025-00245,2025-03-09,P010,C176,2,460.96,218.6,Online
2025-00246,2025-05-19,P004,C143,4,3525.08,1741.16,Store
2025-00247,2025-04-11,P003,C190,2,1175.88,649.62,Store
2025-00248,2025-01-05,P003,C108,4,2351.76,1299.24,Online
2025-00249,2025-11-19,P009,C137,3,147.03,102.6,Store
2025-00250,2025-06-03,P005,C144,5,5121.4,3537.65,Online
2025-00251,2025-07-23,P002,C177,2,1945.44,1144.62,Online
2025-00252,2025-04-21,P005,C122,1,1024.28,707.53,Store
2025-00253,2025-06-21,P005,C093,3,3072.84,2122.59,Phone
2025-00254,2025-10-13,P005,C089,1,1024.28,707.53,Store
2025-00255,2025-03-04,P006,C174,5,588.5,417.0,Online
2025-00256,2025-10-23,P010,C167,5,1152.4,546.5,Online
2025-00257,2025-05-26,P006,C084,5,588.5,417.0,Store
2025-00258,2025-08-17,P002,C098,5,4863.6,2861.55,Store
2025-00259,2025-08-26,P011,C038,2,1920.86,997.16,Phone
2025-00260,2025-06-22,P007,C162,5,1519.9,855.15,Phone
2025-00261,2025-07-27,P002,C021,2,1945.44,1144.62,Store
2025-00262,2025-04-27,P006,C082,3,353.1,250.2,Phone
2025-00263,2025-05-17,P010,C166,4,921.92,437.2,Store
2025-00264,2025-08-16,P006,C192,5,588.5,417.0,Phone
2025-00265,2025-08-19,P007,C043,2,607.96,342.06,Online
2025-00266,2025-03-06,P012,C061,3,3174.54,2048.88,Phone
2025-00267,2025-12-25,P012,C021,2,2116.36,1365.92,Online
2025-00268,2025-07-23,P002,C025,1,972.72,572.31,Store
2025-00269,2025-10-08,P001,C007,4,4636.36,2292.8,Phone
2025-00270,2025-02-12,P002,C068,5,4863.6,2861.55,Online
2025-00271,2025-02-13,P011,C100,3,2881.29,1495.74,Online
2025-00272,2025-05-07,P012,C073,4,4232.72,2731.84,Phone
2025-00273,2025-03-06,P003,C135,2,1175.88,649.62,Online
2025-00274,2025-01-18,P011,C092,3,2881.29,1495.74,Store
2025-00275,2025-08-28,P009,C070,5,245.05,171.0,Store
2025-00276,2025-03-11,P012,C139,2,2116.36,1365.92,Phone
2025-00277,2025-11-02,P008,C162,5,3691.2,1966.1,Store
2025-00278,2025-09-26,P011,C164,5,4802.15,2492.9,Store
2025-00279,2025-06-27,P008,C139,2,1476.48,786.44,Online
2025-00280,2025-08-15,P005,C094,4,4097.12,2830.12,Store
2025-00281,2025-03-21,P005,C003,1,1024.28,707.53,Phone
2025-00282,2025-03-11,P006,C074,4,470.8,333.6,Phone
2025-00283,2025-01-05,P012,C126,4,4232.72,2731.84,Store
2025-00284,2025-01-05,P007,C075,5,1519.9,855.15,Online
2025-00285,2025-01-04,P009,C096,2,98.02,68.4,Store
2025-00286,2025-10-15,P007,C102,2,607.96,342.06,Online
2025-00287,2025-11-27,P007,C097,2,607.96,342.06,Store
2025-00288,2025-02-10,P007,C161,2,607.96,342.06,Phone
2025-00289,2025-11-10,P012,C176,3,3174.54,2048.88,Store
2025-00290,2025-11-29,P012,C137,3,3174.54,2048.88,Store
2025-00291,2025-04-07,P002,C047,2,1945.44,1144.62,Store
2025-00292,2025-02-26,P011,C117,5,4802.15,2492.9,Store
2025-00293,2025-05-20,P012,C160,4,4232.72,2731.84,Online
2025-00294,2025-06-14,P001,C039,1,1159.09,573.2,Phone
2025-00295,2025-01-12,P003,C027,3,1763.82,974.43,Store
2025-00296,2025-03-06,P012,C113,1,1058.18,682.96,Online
2025-00297,2025-02-16,P003,C004,4,2351.76,1299.24,Online
2025-00298,2025-06-25,P007,C080,4,1215.92,684.12,Store
2025-00299,2025-08-26,P012,C009,3,3174.54,2048.88,Online
2025-00300,2025-03-16,P001,C069,4,4636.36,2292.8,Online
2025-00301,2025-10-06,P008,C047,2,1476.48,786.44,Store
2025-00302,2025-07-15,P001,C032,2,2318.18,1146.4,Store
2025-00303,2025-08-15,P004,C189,1,881.27,435.29,Online
2025-00304,2025-08-24,P012,C198,1,1058.18,682.96,Phone
2025-00305,2025-12-07,P004,C122,4,3525.08,1741.16,Phone
2025-00306,2025-06-09,P006,C041,1,117.7,83.4,Phone
2025-00307,2025-10-09,P009,C032,3,147.03,102.6,Store
2025-00308,2025-11-23,P005,C051,3,3072.84,2122.59,Online
2025-00309,2025-12-08,P004,C029,2,1762.54,870.58,Phone
2025-00310,2025-08-11,P006,C004,2,235.4,166.8,Store
2025-00311,2025-10-27,P002,C102,2,1945.44,1144.62,Online
2025-00312,2025-01-22,P010,C177,4,921.92,437.2,Phone
2025-00313,2025-11-02,P003,C096,1,587.94,324.81,Online
2025-00314,2025-03-22,P008,C024,5,3691.2,1966.1,Store
2025-00315,2025-11-17,P001,C016,3,3477.27,1719.6,Phone
2025-00316,2025-03-20,P012,C138,1,1058.18,682.96,Online
2025-00317,2025-09-07,P004,C082,5,4406.35,2176.45,Phone
2025-00318,2025-06-27,P008,C188,2,1476.48,786.44,Online
2025-00319,2025-12-19,P007,C092,2,607.96,342.06,Store
2025-00320,2025-01-21,P008,C181,4,2952.96,1572.88,Phone
2025-00321,2025-05-31,P009,C179,4,196.04,136.8,Online
2025-00322,2025-10-18,P003,C140,3,1763.82,974.43,Store
2025-00323,2025-08-28,P005,C154,5,5121.4,3537.65,Online
2025-00324,2025-02-05,P009,C040,4,196.04,136.8,Store
2025-00325,2025-05-15,P009,C094,4,196.04,136.8,Online
2025-00326,2025-11-23,P009,C098,2,98.02,68.4,Online
2025-00327,2025-11-14,P006,C199,5,588.5,417.0,Online
2025-00328,2025-06-14,P012,C017,5,5290.9,3414.8,Store
2025-00329,2025-04-08,P009,C175,4,196.04,136.8,Phone
2025-00330,2025-03-20,P010,C073,3,691.44,327.9,Store
2025-00331,2025-11-25,P006,C029,1,117.7,83.4,Phone
2025-00332,2025-12-04,P002,C012,2,1945.44,1144.62,Online
2025-00333,2025-01-17,P004,C028,4,3525.08,1741.16,Online
2025-00334,2025-02-20,P001,C147,4,4636.36,2292.8,Phone
2025-00335,2025-09-08,P009,C160,5,245.05,171.0,Store
2025-00336,2025-01-26,P006,C057,5,588.5,417.0,Phone
2025-00337,2025-02-06,P001,C054,4,4636.36,2292.8,Online
2025-00338,2025-08-28,P011,C016,3,2881.29,1495.74,Phone
2025-00339,2025-08-01,P006,C182,1,117.7,83.4,Phone
2025-00340,2025-05-17,P009,C011,1,49.01,34.2,Store
2025-00341,2025-02-09,P004,C133,1,881.27,435.29,Online
2025-00342,2025-04-29,P009,C099,2,98.02,68.4,Online
2025-00343,2025-09-27,P011,C064,5,4802.15,2492.9,Phone
2025-00344,2025-04-02,P009,C192,5,245.05,171.0,Store
2025-00345,2025-02-24,P011,C148,3,2881.29,1495.74,Phone
2025-00346,2025-08-23,P012,C171,4,4232.72,2731.84,Online
2025-00347,2025-03-27,P003,C141,4,2351.76,1299.24,Phone
2025-00348,2025-06-22,P011,C041,5,4802.15,2492.9,Phone
2025-00349,2025-08-15,P006,C081,5,588.5,417.0,Store
2025-00350,2025-07-10,P007,C196,4,1215.92,684.12,Phone
2025-00351,2025-06-15,P010,C062,5,1152.4,546.5,Phone
2025-00352,2025-04-20,P007,C197,5,1519.9,855.15,Phone
2025-00353,2025-05-11,P006,C116,4,470.8,333.6,Store
2025-00354,2025-01-01,P012,C009,3,3174.54,2048.88,Phone
2025-00355,2025-01-09,P009,C035,3,147.03,102.6,Online
2025-00356,2025-06-03,P004,C055,3,2643.81,1305.87,Online
2025-00357,2025-12-20,P005,C142,5,5121.4,3537.65,Phone
2025-00358,2025-10-20,P010,C040,1,230.48,109.3,Online
2025-00359,2025-08-24,P006,C040,2,235.4,166.8,Store
2025-00360,2025-07-07,P010,C064,2,460.96,218.6,Store
2025-00361,2025-06-03,P002,C147,4,3890.88,2289.24,Phone
2025-00362,2025-04-22,P012,C020,3,3174.54,2048.88,Store
2025-00363,2025-03-30,P008,C177,5,3691.2,1966.1,Online
2025-00364,2025-11-01,P011,C077,1,960.43,498.58,Phone
2025-00365,2025-10-23,P007,C021,1,303.98,171.03,Store
2025-00366,2025-06-28,P007,C107,1,303.98,171.03,Online
2025-00367,2025-12-01,P010,C003,4,921.92,437.2,Online
2025-00368,2025-06-06,P009,C011,3,147.03,102.6,Phone
2025-00369,2025-10-17,P003,C084,5,2939.7,1624.05,Phone
2025-00370,2025-04-24,P003,C013,4,2351.76,1299.24,Store
2025-00371,2025-11-01,P010,C130,1,230.48,109.3,Online
2025-00372,2025-08-10,P005,C101,2,2048.56,1415.06,Online
2025-00373,2025-06-22,P002,C122,5,4863.6,2861.55,Phone
2025-00374,2025-01-26,P009,C103,3,147.03,102.6,Online
2025-00375,2025-07-24,P009,C112,2,98.02,68.4,Online
2025-00376,2025-09-04,P009,C051,4,196.04,136.8,Store
2025-00377,2025-11-30,P010,C051,5,1152.4,546.5,Phone
2025-00378,2025-09-26,P004,C063,1,881.27,435.29,Store
2025-00379,2025-08-09,P006,C176,5,588.5,417.0,Online
2025-00380,2025-02-27,P011,C106,4,3841.72,1994.32,Store
2025-00381,2025-06-28,P004,C083,3,2643.81,1305.87,Phone
2025-00382,2025-12-02,P001,C198,3,3477.27,1719.6,Online
2025-00383,2025-06-29,P010,C114,5,1152.4,546.5,Online
2025-00384,2025-08-14,P001,C060,2,2318.18,1146.4,Phone
2025-00385,2025-07-11,P003,C194,1,587.94,324.81,Online
2025-00386,2025-01-28,P004,C159,2,1762.54,870.58,Store
2025-00387,2025-01-08,P006,C178,1,117.7,83.4,Store
2025-00388,2025-08-19,P008,C006,3,2214.72,1179.66,Online
2025-00389,2025-10-03,P004,C053,5,4406.35,2176.45,Phone
2025-00390,2025-05-13,P009,C124,5,245.05,171.0,Phone
2025-00391,2025-03-14,P012,C179,1,1058.18,682.96,Store
2025-00392,2025-10-26,P011,C135,1,960.43,498.58,Store
2025-00393,2025-03-29,P001,C073,2,2318.18,1146.4,Phone
2025-00394,2025-11-13,P005,C014,4,4097.12,2830.12,Phone
2025-00395,2025-01-05,P002,C100,3,2918.16,1716.93,Phone
2025-00396,2025-12-04,P006,C028,1,117.7,83.4,Store
2025-00397,2025-11-29,P007,C060,4,1215.92,684.12,Phone
2025-00398,2025-12-30,P002,C081,4,3890.88,2289.24,Phone
2025-00399,2025-09-30,P002,C048,2,1945.44,1144.62,Phone
2025-00400,2025-08-23,P009,C183,1,49.01,34.2,Online
2025-00401,2025-05-07,P009,C079,3,147.03,102.6,Store
2025-00402,2025-07-21,P012,C041,1,1058.18,682.96,Store
2025-00403,2025-12-17,P006,C091,3,353.1,250.2,Online
2025-00404,2025-09-14,P005,C016,3,3072.84,2122.59,Store
2025-00405,2025-01-16,P009,C072,2,98.02,68.4,Online
2025-00406,2025-06-24,P007,C169,2,607.96,342.06,Online
2025-00407,2025-07-15,P009,C174,5,245.05,171.0,Phone
2025-00408,2025-12-18,P004,C107,2,1762.54,870.58,Phone
2025-00409,2025-03-20,P007,C080,5,1519.9,855.15,Store
2025-00410,2025-08-18,P009,C034,2,98.02,68.4,Phone
2025-00411,2025-03-12,P010,C139,2,460.96,218.6,Online
2025-00412,2025-06-08,P012,C181,5,5290.9,3414.8,Online
2025-00413,2025-08-09,P003,C168,5,2939.7,1624.05,Online
2025-00414,2025-06-12,P002,C143,5,4863.6,2861.55,Phone
2025-00415,2025-03-02,P003,C082,2,1175.88,649.62,Phone
2025-00416,2025-01-16,P006,C106,4,470.8,333.6,Store
2025-00417,2025-08-15,P012,C164,3,3174.54,2048.88,Online
2025-00418,2025-04-07,P002,C034,2,1945.44,1144.62,Online
2025-00419,2025-11-10,P010,C069,5,1152.4,546.5,Phone
2025-00420,2025-11-10,P004,C153,2,1762.54,870.58,Online
2025-00421,2025-12-18,P001,C092,1,1159.09,573.2,Phone
2025-00422,2025-09-02,P003,C129,5,2939.7,1624.05,Store
2025-00423,2025-12-31,P011,C096,2,1920.86,997.16,Store
2025-00424,2025-09-09,P008,C036,2,1476.48,786.44,Online
2025-00425,2025-04-26,P001,C105,1,1159.09,573.2,Store
2025-00426,2025-07-31,P004,C191,2,1762.54,870.58,Online
2025-00427,2025-02-03,P003,C113,5,2939.7,1624.05,Store
2025-00428,2025-12-19,P006,C118,2,235.4,166.8,Store
2025-00429,2025-07-27,P001,C156,4,4636.36,2292.8,Phone
2025-00430,2025-06-10,P007,C157,5,1519.9,855.15,Phone
2025-00431,2025-10-02,P009,C165,1,49.01,34.2,Phone
2025-00432,2025-02-25,P008,C117,1,738.24,393.22,Online
2025-00433,2025-09-23,P009,C102,1,49.01,34.2,Phone
2025-00434,2025-07-18,P009,C196,1,49.01,34.2,Online
2025-00435,2025-05-30,P008,C102,3,2214.72,1179.66,Store
2025-00436,2025-08-25,P003,C109,3,1763.82,974.43,Phone
2025-00437,2025-01-28,P012,C133,2,2116.36,1365.92,Store
2025-00438,2025-11-27,P008,C024,5,3691.2,1966.1,Online
2025-00439,2025-04-03,P010,C179,5,1152.4,546.5,Online
2025-00440,2025-07-21,P007,C083,4,1215.92,684.12,Online
2025-00441,2025-04-02,P008,C152,2,1476.48,786.44,Store
2025-00442,2025-02-16,P005,C083,2,2048.56,1415.06,Phone
2025-00443,2025-03-05,P002,C030,4,3890.88,2289.24,Phone
2025-00444,2025-07-05,P002,C135,4,3890.88,2289.24,Phone
2025-00445,2025-09-19,P010,C041,4,921.92,437.2,Phone
2025-00446,2025-07-14,P001,C197,2,2318.18,1146.4,Store
2025-00447,2025-10-17,P011,C039,2,1920.86,997.16,Online
2025-00448,2025-04-02,P012,C014,4,4232.72,2731.84,Store
2025-00449,2025-06-08,P012,C197,4,4232.72,2731.84,Store
2025-00450,2025-11-17,P003,C031,2,1175.88,649.62,Online
2025-00451,2025-01-02,P010,C196,3,691.44,327.9,Online
2025-00452,2025-08-23,P008,C128,5,3691.2,1966.1,Online
2025-00453,2025-11-08,P008,C061,2,1476.48,786.44,Phone
2025-00454,2025-12-04,P008,C117,4,2952.96,1572.88,Store
2025-00455,2025-02-10,P010,C154,1,230.48,109.3,Online
2025-00456,2025-10-08,P005,C159,5,5121.4,3537.65,Online
2025-00457,2025-01-26,P003,C038,1,587.94,324.81,Phone
2025-00458,2025-06-28,P001,C038,1,1159.09,573.2,Phone
2025-00459,2025-10-23,P010,C077,3,691.44,327.9,Online
2025-00460,2025-01-26,P002,C107,2,1945.44,1144.62,Online
2025-00461,2025-12-11,P005,C157,5,5121.4,3537.65,Phone
2025-00462,2025-10-15,P003,C117,5,2939.7,1624.05,Store
2025-00463,2025-01-19,P002,C197,3,2918.16,1716.93,Store
2025-00464,2025-07-08,P007,C018,4,1215.92,684.12,Phone
2025-00465,2025-02-03,P005,C121,2,2048.56,1415.06,Online
2025-00466,2025-12-22,P005,C085,5,5121.4,3537.65,Store
2025-00467,2025-09-26,P004,C179,2,1762.54,870.58,Phone
2025-00468,2025-01-30,P002,C147,5,4863.6,2861.55,Online
2025-00469,2025-09-05,P012,C177,5,5290.9,3414.8,Phone
2025-00470,2025-05-28,P007,C156,3,911.94,513.09,Store
2025-00471,2025-09-27,P010,C160,3,691.44,327.9,Online
2025-00472,2025-11-11,P010,C128,5,1152.4,546.5,Phone
2025-00473,2025-11-20,P008,C127,2,1476.48,786.44,Phone
2025-00474,2025-04-30,P012,C075,2,2116.36,1365.92,Online
2025-00475,2025-03-02,P001,C120,1,1159.09,573.2,Phone
2025-00476,2025-04-17,P010,C107,4,921.92,437.2,Online
2025-00477,2025-06-20,P006,C144,2,235.4,166.8,Online
2025-00478,2025-11-24,P004,C177,3,2643.81,1305.87,Store
2025-00479,2025-02-04,P005,C077,5,5121.4,3537.65,Phone
2025-00480,2025-06-15,P001,C030,3,3477.27,1719.6,Store
2025-00481,2025-07-22,P012,C146,5,5290.9,3414.8,Online
2025-00482,2025-03-31,P004,C085,3,2643.81,1305.87,Phone
2025-00483,2025-09-03,P008,C010,2,1476.48,786.44,Store
2025-00484,2025-03-21,P011,C118,5,4802.15,2492.9,Store
2025-00485,2025-08-25,P007,C191,1,303.98,171.03,Phone
2025-00486,2025-06-03,P010,C186,3,691.44,327.9,Phone
2025-00487,2025-10-02,P001,C054,5,5795.45,2866.0,Phone
2025-00488,2025-06-19,P006,C017,2,235.4,166.8,Store
2025-00489,2025-01-16,P006,C097,5,588.5,417.0,Online
2025-00490,2025-10-20,P010,C100,2,460.96,218.6,Phone
2025-00491,2025-03-01,P005,C181,3,3072.84,2122.59,Phone
2025-00492,2025-01-17,P005,C106,1,1024.28,707.53,Store
2025-00493,2025-05-02,P006,C116,3,353.1,250.2,Online
2025-00494,2025-09-26,P005,C045,1,1024.28,707.53,Store
2025-00495,2025-01-20,P004,C024,4,3525.08,1741.16,Phone
2025-00496,2025-01-13,P008,C129,2,1476.48,786.44,Online
2025-00497,2025-06-24,P008,C188,5,3691.2,1966.1,Store
2025-00498,2025-06-17,P003,C197,1,587.94,324.81,Phone
2025-00499,2025-12-13,P003,C053,1,587.94,324.81,Store
2025-00500,2025-07-18,P012,C134,1,1058.18,682.96,Online
2025-00501,2025-06-09,P001,C176,5,5795.45,2866.0,Online
2025-00502,2025-06-20,P008,C012,1,738.24,393.22,Phone
2025-00503,2025-12-04,P012,C080,1,1058.18,682.96,Phone
2025-00504,2025-06-09,P011,C054,3,2881.29,1495.74,Online
2025-00505,2025-04-09,P005,C071,5,5121.4,3537.65,Store
2025-00506,2025-08-14,P011,C031,3,2881.29,1495.74,Online
2025-00507,2025-03-22,P005,C030,1,1024.28,707.53,Phone
2025-00508,2025-10-14,P009,C027,2,98.02,68.4,Phone
2025-00509,2025-06-29,P009,C082,3,147.03,102.6,Online
2025-00510,2025-12-27,P005,C147,2,2048.56,1415.06,Online
2025-00511,2025-02-06,P005,C157,3,3072.84,2122.59,Phone
2025-00512,2025-08-16,P001,C034,1,1159.09,573.2,Store
2025-00513,2025-12-12,P001,C028,4,4636.36,2292.8,Online
2025-00514,2025-02-14,P007,C101,2,607.96,342.06,Phone
2025-00515,2025-11-02,P010,C162,4,921.92,437.2,Phone
2025-00516,2025-07-02,P005,C086,2,2048.56,1415.06,Phone
2025-00517,2025-12-10,P009,C021,4,196.04,136.8,Phone
2025-00518,2025-03-09,P002,C179,4,3890.88,2289.24,Online
2025-00519,2025-08-22,P005,C176,4,4097.12,2830.12,Store
2025-00520,2025-04-29,P004,C037,5,4406.35,2176.45,Store
2025-00521,2025-07-06,P007,C047,3,911.94,513.09,Store
2025-00522,2025-08-21,P008,C008,1,738.24,393.22,Store
2025-00523,2025-02-27,P006,C123,4,470.8,333.6,Online
2025-00524,2025-05-25,P006,C155,5,588.5,417.0,Online
2025-00525,2025-09-18,P002,C104,1,972.72,572.31,Store
2025-00526,2025-10-12,P011,C019,3,2881.29,1495.74,Phone
2025-00527,2025-08-25,P007,C152,4,1215.92,684.12,Online
2025-00528,2025-11-14,P004,C141,2,1762.54,870.58,Store
2025-00529,2025-07-16,P002,C088,2,1945.44,1144.62,Phone
2025-00530,2025-10-30,P007,C112,5,1519.9,855.15,Store
2025-00531,2025-10-06,P012,C061,2,2116.36,1365.92,Phone
2025-00532,2025-12-09,P002,C190,5,4863.6,2861.55,Store
2025-00533,2025-02-28,P010,C153,4,921.92,437.2,Store
2025-00534,2025-10-12,P002,C114,2,1945.44,1144.62,Store
2025-00535,2025-07-27,P002,C154,1,972.72,572.31,Phone
2025-00536,2025-11-02,P007,C084,4,1215.92,684.12,Phone
2025-00537,2025-12-05,P001,C024,2,2318.18,1146.4,Online
2025-00538,2025-10-25,P011,C001,2,1920.86,997.16,Phone
2025-00539,2025-03-18,P008,C137,3,2214.72,1179.66,Store
2025-00540,2025-11-12,P010,C115,2,460.96,218.6,Online
2025-00541,2025-12-15,P006,C077,5,588.5,417.0,Phone
2025-00542,2025-06-05,P007,C184,3,911.94,513.09,Online
2025-00543,2025-10-26,P001,C157,5,5795.45,2866.0,Store
2025-00544,2025-03-07,P005,C016,3,3072.84,2122.59,Phone
2025-00545,2025-01-28,P001,C181,5,5795.45,2866.0,Store
2025-00546,2025-02-26,P005,C008,2,2048.56,1415.06,Store
2025-00547,2025-12-26,P010,C101,3,691.44,327.9,Phone
2025-00548,2025-07-15,P007,C098,4,1215.92,684.12,Phone
2025-00549,2025-04-19,P011,C045,4,3841.72,1994.32,Online
2025-00550,2025-04-07,P009,C099,3,147.03,102.6,Store
2025-00551,2025-03-20,P005,C172,2,2048.56,1415.06,Online
2025-00552,2025-01-06,P002,C166,1,972.72,572.31,Online
2025-00553,2025-09-07,P011,C112,2,1920.86,997.16,Online
2025-00554,2025-03-12,P011,C107,4,3841.72,1994.32,Phone
2025-00555,2025-11-06,P007,C160,2,607.96,342.06,Store
2025-00556,2025-09-18,P007,C142,4,1215.92,684.12,Store
2025-00557,2025-07-01,P004,C048,4,3525.08,1741.16,Phone
2025-00558,2025-01-04,P010,C128,2,460.96,218.6,Phone
2025-00559,2025-09-14,P005,C106,5,5121.4,3537.65,Phone
2025-00560,2025-07-07,P001,C010,5,5795.45,2866.0,Store
2025-00561,2025-12-27,P006,C029,5,588.5,417.0,Store
2025-00562,2025-12-20,P002,C037,5,4863.6,2861.55,Store
2025-00563,2025-08-27,P009,C021,5,245.05,171.0,Phone
2025-00564,2025-02-15,P004,C121,1,881.27,435.29,Phone
2025-00565,2025-11-21,P009,C149,3,147.03,102.6,Phone
2025-00566,2025-01-28,P006,C137,1,117.7,83.4,Store
2025-00567,2025-08-21,P009,C121,5,245.05,171.0,Phone
2025-00568,2025-06-19,P007,C091,3,911.94,513.09,Store
2025-00569,2025-03-27,P001,C178,5,5795.45,2866.0,Phone
2025-00570,2025-06-05,P012,C145,3,3174.54,2048.88,Online
2025-00571,2025-11-19,P008,C149,2,1476.48,786.44,Phone
2025-00572,2025-01-27,P011,C075,5,4802.15,2492.9,Online
2025-00573,2025-05-27,P008,C022,2,1476.48,786.44,Phone
2025-00574,2025-02-09,P005,C065,2,2048.56,1415.06,Phone
2025-00575,2025-05-24,P005,C066,1,1024.28,707.53,Phone
2025-00576,2025-02-27,P010,C045,5,1152.4,546.5,Phone
2025-00577,2025-03-19,P011,C115,3,2881.29,1495.74,Online
2025-00578,2025-05-14,P012,C061,4,4232.72,2731.84,Online
2025-00579,2025-09-28,P001,C088,1,1159.09,573.2,Online
2025-00580,2025-11-01,P003,C127,4,2351.76,1299.24,Store
2025-00581,2025-05-02,P011,C113,2,1920.86,997.16,Online
2025-00582,2025-10-23,P012,C089,1,1058.18,682.96,Phone
2025-00583,2025-05-16,P002,C014,2,1945.44,1144.62,Store
2025-00584,2025-07-24,P008,C078,4,2952.96,1572.88,Phone
2025-00585,2025-09-30,P004,C098,4,3525.08,1741.16,Store
2025-00586,2025-05-15,P003,C136,4,2351.76,1299.24,Online
2025-00587,2025-05-28,P008,C098,3,2214.72,1179.66,Phone
2025-00588,2025-12-16,P001,C025,5,5795.45,2866.0,Phone
2025-00589,2025-07-01,P007,C157,3,911.94,513.09,Store
2025-00590,2025-05-19,P005,C026,3,3072.84,2122.59,Phone
2025-00591,2025-10-27,P007,C119,2,607.96,342.06,Phone
2025-00592,2025-12-11,P010,C198,2,460.96,218.6,Phone
2025-00593,2025-06-22,P011,C177,2,1920.86,997.16,Store
2025-00594,2025-10-08,P001,C173,1,1159.09,573.2,Online
2025-00595,2025-01-07,P007,C026,5,1519.9,855.15,Online
2025-00596,2025-12-17,P008,C090,2,1476.48,786.44,Phone
2025-00597,2025-05-26,P005,C050,1,1024.28,707.53,Online
2025-00598,2025-11-14,P002,C015,5,4863.6,2861.55,Phone
2025-00599,2025-04-22,P010,C164,1,230.48,109.3,Phone
2025-00600,2025-03-03,P002,C155,2,1945.44,1144.62,Store
2025-00601,2025-12-03,P011,C145,2,1920.86,997.16,Online
2025-00602,2025-12-23,P003,C065,3,1763.82,974.43,Store
2025-00603,2025-12-05,P002,C164,4,3890.88,2289.24,Store
2025-00604,2025-08-07,P012,C171,3,3174.54,2048.88,Store
2025-00605,2025-03-24,P002,C071,1,972.72,572.31,Store
2025-00606,2025-07-18,P006,C016,3,353.1,250.2,Store
2025-00607,2025-04-02,P008,C018,4,2952.96,1572.88,Online
2025-00608,2025-11-09,P007,C046,4,1215.92,684.12,Online
2025-00609,2025-03-15,P009,C197,4,196.04,136.8,Online
2025-00610,2025-11-11,P011,C028,4,3841.72,1994.32,Phone
2025-00611,2025-05-13,P002,C009,1,972.72,572.31,Online
2025-00612,2025-10-20,P012,C065,4,4232.72,2731.84,Online
2025-00613,2025-09-12,P003,C168,1,587.94,324.81,Online
2025-00614,2025-12-07,P007,C069,2,607.96,342.06,Phone
2025-00615,2025-06-18,P007,C148,1,303.98,171.03,Phone
2025-00616,2025-12-29,P008,C123,4,2952.96,1572.88,Store
2025-00617,2025-02-05,P009,C058,1,49.01,34.2,Store
2025-00618,2025-12-19,P008,C032,5,3691.2,1966.1,Phone
2025-00619,2025-07-03,P006,C175,3,353.1,250.2,Store
2025-00620,2025-01-29,P011,C166,1,960.43,498.58,Store
2025-00621,2025-10-01,P006,C021,4,470.8,333.6,Store
2025-00622,2025-11-28,P004,C046,5,4406.35,2176.45,Online
2025-00623,2025-07-16,P011,C049,3,2881.29,1495.74,Phone
2025-00624,2025-07-19,P002,C162,3,2918.16,1716.93,Store
2025-00625,2025-02-13,P011,C113,2,1920.86,997.16,Online
2025-00626,2025-01-19,P004,C007,5,4406.35,2176.45,Online
2025-00627,2025-09-08,P007,C017,5,1519.9,855.15,Phone
2025-00628,2025-06-07,P008,C137,4,2952.96,1572.88,Online
2025-00629,2025-01-19,P006,C015,3,353.1,250.2,Phone
2025-00630,2025-01-22,P007,C031,2,607.96,342.06,Phone
2025-00631,2025-12-08,P009,C118,5,245.05,171.0,Online
2025-00632,2025-10-24,P004,C019,1,881.27,435.29,Phone
2025-00633,2025-03-14,P008,C168,1,738.24,393.22,Store
2025-00634,2025-11-13,P001,C063,2,2318.18,1146.4,Online
2025-00635,2025-03-30,P011,C013,3,2881.29,1495.74,Online
2025-00636,2025-08-22,P010,C044,5,1152.4,546.5,Online
2025-00637,2025-02-24,P002,C128,5,4863.6,2861.55,Phone
2025-00638,2025-04-23,P002,C052,4,3890.88,2289.24,Store
2025-00639,2025-12-14,P007,C084,1,303.98,171.03,Phone
2025-00640,2025-10-22,P009,C036,3,147.03,102.6,Online
2025-00641,2025-01-24,P010,C045,3,691.44,327.9,Online
2025-00642,2025-03-03,P005,C037,4,4097.12,2830.12,Online
2025-00643,2025-12-23,P006,C142,2,235.4,166.8,Store
2025-00644,2025-05-05,P010,C011,2,460.96,218.6,Online
2025-00645,2025-11-20,P010,C097,2,460.96,218.6,Online
2025-00646,2025-09-07,P002,C002,1,972.72,572.31,Online
2025-00647,2025-02-15,P012,C167,5,5290.9,3414.8,Store
2025-00648,2025-08-02,P012,C198,4,4232.72,2731.84,Phone
2025-00649,2025-03-06,P004,C037,3,2643.81,1305.87,Phone
2025-00650,2025-08-19,P007,C062,2,607.96,342.06,Phone
2025-00651,2025-12-21,P001,C153,2,2318.18,1146.4,Phone
2025-00652,2025-09-13,P010,C023,3,691.44,327.9,Store
2025-00653,2025-08-03,P001,C143,2,2318.18,1146.4,Online
2025-00654,2025-03-02,P009,C025,5,245.05,171.0,Store
2025-00655,2025-10-04,P009,C057,4,196.04,136.8,Phone
2025-00656,2025-12-04,P004,C071,1,881.27,435.29,Online
2025-00657,2025-02-27,P003,C176,4,2351.76,1299.24,Store
2025-00658,2025-04-01,P003,C172,1,587.94,324.81,Online
2025-00659,2025-11-27,P006,C073,2,235.4,166.8,Store
2025-00660,2025-05-09,P006,C158,4,470.8,333.6,Online
2025-00661,2025-02-23,P012,C014,5,5290.9,3414.8,Online
2025-00662,2025-03-22,P001,C125,5,5795.45,2866.0,Online
2025-00663,2025-02-06,P004,C185,4,3525.08,1741.16,Phone
2025-00664,2025-10-24,P006,C108,2,235.4,166.8,Phone
2025-00665,2025-12-13,P006,C059,1,117.7,83.4,Store
2025-00666,2025-04-27,P002,C061,4,3890.88,2289.24,Online
2025-00667,2025-07-12,P004,C019,4,3525.08,1741.16,Phone
2025-00668,2025-09-06,P001,C112,2,2318.18,1146.4,Online
2025-00669,2025-11-09,P008,C046,4,2952.96,1572.88,Store
2025-00670,2025-03-11,P008,C185,2,1476.48,786.44,Phone
2025-00671,2025-07-03,P005,C052,3,3072.84,2122.59,Online
2025-00672,2025-01-17,P012,C146,1,1058.18,682.96,Store
2025-00673,2025-03-11,P002,C120,4,3890.88,2289.24,Store
2025-00674,2025-03-29,P006,C057,3,353.1,250.2,Phone
2025-00675,2025-03-22,P011,C157,2,1920.86,997.16,Phone
2025-00676,2025-10-11,P004,C023,4,3525.08,1741.16,Phone
2025-00677,2025-09-08,P004,C152,4,3525.08,1741.16,Store
2025-00678,2025-05-23,P001,C187,4,4636.36,2292.8,Phone
2025-00679,2025-05-07,P004,C084,4,3525.08,1741.16,Phone
2025-00680,2025-04-24,P010,C039,5,1152.4,546.5,Online
2025-00681,2025-08-02,P001,C011,4,4636.36,2292.8,Phone
2025-00682,2025-09-16,P001,C109,5,5795.45,2866.0,Store
2025-00683,2025-09-03,P012,C026,4,4232.72,2731.84,Store
2025-00684,2025-05-04,P002,C143,1,972.72,572.31,Phone
2025-00685,2025-07-28,P004,C034,3,2643.81,1305.87,Store
2025-00686,2025-05-03,P011,C024,1,960.43,498.58,Store
2025-00687,2025-12-09,P005,C042,4,4097.12,2830.12,Phone
2025-00688,2025-10-26,P001,C117,4,4636.36,2292.8,Online
2025-00689,2025-12-27,P007,C048,3,911.94,513.09,Phone
2025-00690,2025-08-26,P012,C163,1,1058.18,682.96,Phone
2025-00691,2025-02-06,P007,C177,3,911.94,513.09,Phone
2025-00692,2025-01-17,P005,C110,3,3072.84,2122.59,Phone
2025-00693,2025-11-10,P009,C148,2,98.02,68.4,Phone
2025-00694,2025-02-11,P010,C086,1,230.48,109.3,Phone
2025-00695,2025-12-12,P006,C014,1,117.7,83.4,Store
2025-00696,2025-07-07,P008,C159,1,738.24,393.22,Store
2025-00697,2025-07-07,P003,C166,5,2939.7,1624.05,Phone
2025-00698,2025-02-04,P009,C182,2,98.02,68.4,Online
2025-00699,2025-06-21,P004,C139,1,881.27,435.29,Phone
2025-00700,2025-09-02,P012,C193,5,5290.9,3414.8,Phone
2025-00701,2025-04-18,P012,C195,2,2116.36,1365.92,Store
2025-00702,2025-06-30,P005,C129,4,4097.12,2830.12,Store
2025-00703,2025-01-28,P002,C096,3,2918.16,1716.93,Store
2025-00704,2025-09-06,P009,C135,1,49.01,34.2,Store
2025-00705,2025-12-30,P009,C174,5,245.05,171.0,Store
2025-00706,2025-08-20,P010,C095,1,230.48,109.3,Online
2025-00707,2025-08-23,P002,C021,4,3890.88,2289.24,Online
2025-00708,2025-05-28,P002,C028,2,1945.44,1144.62,Store
2025-00709,2025-02-27,P012,C038,4,4232.72,2731.84,Online
2025-00710,2025-04-15,P009,C161,1,49.01,34.2,Store
2025-00711,2025-08-02,P011,C139,2,1920.86,997.16,Store
2025-00712,2025-06-27,P007,C114,1,303.98,171.03,Store
2025-00713,2025-04-07,P002,C006,2,1945.44,1144.62,Phone
2025-00714,2025-11-27,P006,C106,5,588.5,417.0,Store
2025-00715,2025-12-02,P011,C084,4,3841.72,1994.32,Phone
2025-00716,2025-12-07,P012,C136,5,5290.9,3414.8,Store
2025-00717,2025-08-23,P005,C146,2,2048.56,1415.06,Store
2025-00718,2025-03-29,P005,C059,4,4097.12,2830.12,Store
2025-00719,2025-05-28,P001,C038,3,3477.27,1719.6,Store
2025-00720,2025-08-22,P003,C159,2,1175.88,649.62,Phone
2025-00721,2025-10-02,P005,C047,2,2048.56,1415.06,Phone
2025-00722,2025-12-21,P011,C040,2,1920.86,997.16,Online
2025-00723,2025-03-01,P001,C082,5,5795.45,2866.0,Online
2025-00724,2025-08-14,P005,C095,2,2048.56,1415.06,Online
2025-00725,2025-10-15,P012,C009,3,3174.54,2048.88,Store
2025-00726,2025-03-17,P006,C115,5,588.5,417.0,Online
2025-00727,2025-10-01,P005,C032,1,1024.28,707.53,Store
2025-00728,2025-09-13,P003,C118,3,1763.82,974.43,Online
2025-00729,2025-01-03,P012,C140,5,5290.9,3414.8,Store
2025-00730,2025-11-28,P012,C076,4,4232.72,2731.84,Store
2025-00731,2025-10-21,P011,C038,5,4802.15,2492.9,Phone
2025-00732,2025-08-15,P006,C177,1,117.7,83.4,Phone
2025-00733,2025-09-03,P001,C036,5,5795.45,2866.0,Online
2025-00734,2025-06-07,P001,C103,5,5795.45,2866.0,Online
2025-00735,2025-08-17,P006,C024,3,353.1,250.2,Online
2025-00736,2025-11-08,P011,C050,5,4802.15,2492.9,Phone
2025-00737,2025-04-24,P005,C051,1,1024.28,707.53,Online
2025-00738,2025-10-03,P008,C174,1,738.24,393.22,Phone
2025-00739,2025-07-21,P004,C126,3,2643.81,1305.87,Phone
2025-00740,2025-11-06,P009,C015,3,147.03,102.6,Store
2025-00741,2025-03-17,P012,C110,3,3174.54,2048.88,Store
2025-00742,2025-07-10,P001,C073,3,3477.27,1719.6,Store
2025-00743,2025-06-07,P008,C144,1,738.24,393.22,Online
2025-00744,2025-08-16,P012,C107,4,4232.72,2731.84,Store
2025-00745,2025-03-25,P012,C109,4,4232.72,2731.84,Online
2025-00746,2025-10-28,P010,C023,2,460.96,218.6,Online
2025-00747,2025-06-05,P008,C135,3,2214.72,1179.66,Online
2025-00748,2025-10-30,P007,C023,1,303.98,171.03,Store
2025-00749,2025-11-24,P005,C107,2,2048.56,1415.06,Phone
2025-00750,2025-08-25,P012,C146,2,2116.36,1365.92,Online
2025-00751,2025-04-06,P007,C075,5,1519.9,855.15,Store
2025-00752,2025-01-22,P005,C150,3,3072.84,2122.59,Store
2025-00753,2025-10-14,P012,C119,2,2116.36,1365.92,Online
2025-00754,2025-01-02,P003,C068,3,1763.82,974.43,Phone
2025-00755,2025-11-22,P008,C032,3,2214.72,1179.66,Store
2025-00756,2025-04-02,P008,C177,2,1476.48,786.44,Online
2025-00757,2025-03-03,P005,C127,1,1024.28,707.53,Phone
2025-00758,2025-07-05,P010,C124,5,1152.4,546.5,Store
2025-00759,2025-05-13,P011,C176,4,3841.72,1994.32,Phone
2025-00760,2025-03-03,P006,C132,5,588.5,417.0,Online
2025-00761,2025-05-13,P003,C149,1,587.94,324.81,Online
2025-00762,2025-06-13,P008,C178,2,1476.48,786.44,Store
2025-00763,2025-03-25,P001,C070,3,3477.27,1719.6,Store
2025-00764,2025-11-22,P006,C013,3,353.1,250.2,Store
2025-00765,2025-09-29,P011,C020,5,4802.15,2492.9,Online
2025-00766,2025-11-18,P003,C196,1,587.94,324.81,Phone
2025-00767,2025-03-27,P009,C083,3,147.03,102.6,Phone
2025-00768,2025-06-04,P005,C176,3,3072.84,2122.59,Online
2025-00769,2025-10-01,P010,C091,2,460.96,218.6,Online
2025-00770,2025-03-12,P009,C073,3,147.03,102.6,Store
2025-00771,2025-07-30,P006,C042,1,117.7,83.4,Online
2025-00772,2025-03-21,P009,C057,2,98.02,68.4,Phone
2025-00773,2025-11-11,P012,C135,5,5290.9,3414.8,Phone
2025-00774,2025-10-10,P012,C194,1,1058.18,682.96,Store
2025-00775,2025-08-24,P002,C030,2,1945.44,1144.62,Online
2025-00776,2025-09-03,P006,C080,3,353.1,250.2,Online
2025-00777,2025-08-15,P010,C134,3,691.44,327.9,Online
2025-00778,2025-12-30,P005,C008,1,1024.28,707.53,Online
2025-00779,2025-03-07,P012,C037,2,2116.36,1365.92,Store
2025-00780,2025-03-06,P004,C034,1,881.27,435.29,Store
2025-00781,2025-12-20,P002,C020,1,972.72,572.31,Store
2025-00782,2025-08-09,P001,C051,1,1159.09,573.2,Online
2025-00783,2025-12-04,P009,C152,1,49.01,34.2,Store
2025-00784,2025-03-02,P005,C012,1,1024.28,707.53,Store
2025-00785,2025-12-08,P001,C194,1,1159.09,573.2,Online
2025-00786,2025-11-05,P004,C151,2,1762.54,870.58,Online
2025-00787,2025-12-10,P006,C008,1,117.7,83.4,Online
2025-00788,2025-05-23,P010,C090,3,691.44,327.9,Online
2025-00789,2025-09-14,P012,C157,2,2116.36,1365.92,Phone
2025-00790,2025-10-19,P002,C026,5,4863.6,2861.55,Online
2025-00791,2025-09-28,P004,C184,2,1762.54,870.58,Store
2025-00792,2025-03-29,P009,C002,1,49.01,34.2,Online
2025-00793,2025-09-16,P012,C122,3,3174.54,2048.88,Phone
2025-00794,2025-10-29,P003,C113,1,587.94,324.81,Online
2025-00795,2025-07-01,P007,C109,2,607.96,342.06,Phone
2025-00796,2025-04-27,P007,C029,3,911.94,513.09,Online
2025-00797,2025-08-27,P002,C134,2,1945.44,1144.62,Store
2025-00798,2025-07-04,P012,C074,5,5290.9,3414.8,Phone
2025-00799,2025-01-21,P002,C084,4,3890.88,2289.24,Online
2025-00800,2025-07-17,P005,C117,5,5121.4,3537.65,Phone
2025-00801,2025-06-09,P011,C114,2,1920.86,997.16,Phone
2025-00802,2025-07-28,P005,C110,2,2048.56,1415.06,Online
2025-00803,2025-09-01,P011,C095,2,1920.86,997.16,Online
2025-00804,2025-12-12,P008,C173,1,738.24,393.22,Store
2025-00805,2025-08-13,P009,C169,1,49.01,34.2,Online
2025-00806,2025-03-15,P007,C103,5,1519.9,855.15,Online
2025-00807,2025-03-28,P002,C094,2,1945.44,1144.62,Store
2025-00808,2025-04-13,P010,C104,1,230.48,109.3,Online
2025-00809,2025-08-06,P012,C128,3,3174.54,2048.88,Phone
2025-00810,2025-10-25,P010,C070,4,921.92,437.2,Store
2025-00811,2025-09-01,P011,C155,4,3841.72,1994.32,Store
2025-00812,2025-09-19,P005,C038,4,4097.12,2830.12,Online
2025-00813,2025-03-04,P005,C126,4,4097.12,2830.12,Online
2025-00814,2025-11-18,P003,C008,1,587.94,324.81,Phone
2025-00815,2025-01-28,P002,C128,1,972.72,572.31,Online
2025-00816,2025-07-15,P010,C174,3,691.44,327.9,Online
2025-00817,2025-06-05,P010,C160,1,230.48,109.3,Online
2025-00818,2025-12-05,P009,C197,4,196.04,136.8,Store
2025-00819,2025-04-14,P005,C170,4,4097.12,2830.12,Store
2025-00820,2025-09-16,P005,C139,3,3072.84,2122.59,Phone
2025-00821,2025-10-07,P001,C196,1,1159.09,573.2,Store
2025-00822,2025-03-02,P007,C116,3,911.94,513.09,Store
2025-00823,2025-08-15,P008,C010,1,738.24,393.22,Online
2025-00824,2025-10-13,P011,C200,3,2881.29,1495.74,Phone
2025-00825,2025-03-26,P008,C111,2,1476.48,786.44,Store
2025-00826,2025-07-19,P008,C196,1,738.24,393.22,Phone
2025-00827,2025-12-12,P008,C169,5,3691.2,1966.1,Phone
2025-00828,2025-10-04,P010,C121,4,921.92,437.2,Phone
2025-00829,2025-03-22,P009,C015,4,196.04,136.8,Store
2025-00830,2025-09-11,P010,C097,5,1152.4,546.5,Phone
2025-00831,2025-06-30,P005,C083,1,1024.28,707.53,Online
2025-00832,2025-10-30,P001,C033,3,3477.27,1719.6,Store
2025-00833,2025-10-26,P001,C196,3,3477.27,1719.6,Store
2025-00834,2025-02-19,P007,C089,3,911.94,513.09,Store
2025-00835,2025-06-29,P001,C170,2,2318.18,1146.4,Online
2025-00836,2025-05-01,P011,C080,5,4802.15,2492.9,Online
2025-00837,2025-12-19,P002,C079,1,972.72,572.31,Store
2025-00838,2025-03-28,P001,C138,3,3477.27,1719.6,Online
2025-00839,2025-08-24,P011,C109,5,4802.15,2492.9,Phone
2025-00840,2025-08-04,P005,C006,4,4097.12,2830.12,Phone
2025-00841,2025-01-12,P006,C097,5,588.5,417.0,Store
2025-00842,2025-06-15,P010,C026,4,921.92,437.2,Online
2025-00843,2025-12-20,P011,C053,3,2881.29,1495.74,Store
2025-00844,2025-09-15,P011,C087,2,1920.86,997.16,Phone
2025-00845,2025-06-03,P006,C112,2,235.4,166.8,Store
2025-00846,2025-11-22,P002,C138,2,1945.44,1144.62,Store
2025-00847,2025-05-16,P001,C077,5,5795.45,2866.0,Store
2025-00848,2025-04-26,P010,C191,1,230.48,109.3,Phone
2025-00849,2025-10-24,P002,C152,3,2918.16,1716.93,Store
2025-00850,2025-02-04,P010,C136,4,921.92,437.2,Store
2025-00851,2025-04-18,P006,C020,3,353.1,250.2,Phone
2025-00852,2025-06-03,P007,C170,5,1519.9,855.15,Store
2025-00853,2025-04-13,P007,C103,3,911.94,513.09,Phone
2025-00854,2025-09-21,P008,C172,5,3691.2,1966.1,Online
2025-00855,2025-01-10,P011,C181,5,4802.15,2492.9,Online
2025-00856,2025-10-23,P008,C055,4,2952.96,1572.88,Store
2025-00857,2025-11-23,P009,C158,4,196.04,136.8,Phone
2025-00858,2025-11-17,P001,C134,2,2318.18,1146.4,Store
2025-00859,2025-08-25,P003,C062,2,1175.88,649.62,Phone
2025-00860,2025-12-17,P005,C112,4,4097.12,2830.12,Store
2025-00861,2025-02-02,P011,C053,4,3841.72,1994.32,Store
2025-00862,2025-05-27,P011,C042,3,2881.29,1495.74,Phone
2025-00863,2025-11-04,P004,C104,2,1762.54,870.58,Online
2025-00864,2025-03-18,P004,C008,2,1762.54,870.58,Store
2025-00865,2025-08-26,P008,C144,4,2952.96,1572.88,Store
2025-00866,2025-11-28,P001,C052,2,2318.18,1146.4,Store
2025-00867,2025-03-11,P001,C067,3,3477.27,1719.6,Phone
2025-00868,2025-10-09,P003,C165,1,587.94,324.81,Phone
2025-00869,2025-09-06,P001,C015,1,1159.09,573.2,Store
2025-00870,2025-11-05,P005,C017,4,4097.12,2830.12,Store
2025-00871,2025-12-10,P011,C024,4,3841.72,1994.32,Phone
2025-00872,2025-03-13,P004,C029,5,4406.35,2176.45,Phone
2025-00873,2025-09-14,P002,C134,5,4863.6,2861.55,Phone
2025-00874,2025-05-09,P008,C024,2,1476.48,786.44,Phone
2025-00875,2025-03-04,P006,C085,5,588.5,417.0,Phone
2025-00876,2025-07-19,P012,C191,2,2116.36,1365.92,Store
2025-00877,2025-04-22,P003,C028,2,1175.88,649.62,Online
2025-00878,2025-05-21,P008,C105,3,2214.72,1179.66,Phone
2025-00879,2025-01-29,P008,C137,3,2214.72,1179.66,Phone
2025-00880,2025-02-27,P006,C140,4,470.8,333.6,Store
2025-00881,2025-12-16,P004,C072,2,1762.54,870.58,Store
2025-00882,2025-09-01,P012,C095,3,3174.54,2048.88,Online
2025-00883,2025-11-27,P010,C009,1,230.48,109.3,Phone
2025-00884,2025-12-10,P004,C065,5,4406.35,2176.45,Store
2025-00885,2025-06-08,P011,C180,3,2881.29,1495.74,Phone
2025-00886,2025-03-04,P009,C061,4,196.04,136.8,Store
2025-00887,2025-01-05,P007,C066,3,911.94,513.09,Online
2025-00888,2025-05-01,P005,C054,2,2048.56,1415.06,Store
2025-00889,2025-11-20,P006,C197,4,470.8,333.6,Online
2025-00890,2025-05-21,P002,C200,4,3890.88,2289.24,Store
2025-00891,2025-07-31,P006,C184,4,470.8,333.6,Online
2025-00892,2025-03-24,P012,C067,5,5290.9,3414.8,Online
2025-00893,2025-06-30,P007,C155,5,1519.9,855.15,Phone
2025-00894,2025-06-17,P008,C178,1,738.24,393.22,Online
2025-00895,2025-11-25,P011,C048,4,3841.72,1994.32,Phone
2025-00896,2025-03-11,P001,C103,2,2318.18,1146.4,Phone
2025-00897,2025-06-06,P006,C148,1,117.7,83.4,Online
2025-00898,2025-03-22,P004,C133,2,1762.54,870.58,Phone
2025-00899,2025-12-18,P007,C082,4,1215.92,684.12,Store
2025-00900,2025-03-10,P005,C045,5,5121.4,3537.65,Store
